issue,id,state,labels,assignees,comments,closed_at,created_at,locked,last_update
0,1291571768,open,"[Label(name=""bug""), Label(name=""module:send"")]",[],10,,2022-07-01 15:52:12,False,2022-09-20 07:09:53
1,1274119798,closed,"[Label(name=""bug""), Label(name=""needs tests""), Label(name=""pr"")]",[],1,2022-07-02 20:31:20,2022-06-16 21:52:12,False,2022-07-02 20:31:20
2,1217955271,closed,"[Label(name=""bug""), Label(name=""module:router"")]",[],5,2022-04-29 17:35:29,2022-04-27 22:45:25,False,2022-04-29 20:08:59
3,1145890668,closed,"[Label(name=""bug""), Label(name=""enhancement"")]",[],7,2022-04-24 22:48:05,2022-02-21 14:44:07,False,2022-04-24 22:48:05
4,1043399309,closed,"[Label(name=""bug""), Label(name=""pr"")]",[],1,2021-11-17 05:36:22,2021-11-03 11:02:06,False,2021-11-17 05:36:22
5,576175499,closed,"[Label(name=""bug""), Label(name=""pr""), Label(name=""module:router"")]","[NamedUser(login=""dougwilson"")]",7,2020-05-21 02:16:34,2020-03-05 11:11:24,False,2020-05-21 02:16:43
6,576167692,closed,"[Label(name=""bug""), Label(name=""module:router"")]",[],7,2021-11-17 02:52:45,2020-03-05 10:57:55,False,2021-11-17 02:52:45
7,447645163,closed,"[Label(name=""bug""), Label(name=""4.x"")]","[NamedUser(login=""dougwilson"")]",14,2019-05-25 22:15:56,2019-05-23 12:53:02,False,2019-05-25 22:15:56
8,434758205,closed,"[Label(name=""bug""), Label(name=""pr"")]",[],3,2022-03-27 17:21:48,2019-04-18 13:00:40,False,2022-03-27 17:21:48
9,434754162,closed,"[Label(name=""bug""), Label(name=""4.x"")]",[],27,2022-04-24 22:48:06,2019-04-18 12:51:07,False,2022-04-24 22:48:06
10,264008494,closed,"[Label(name=""bug""), Label(name=""4.x""), Label(name=""pr"")]","[NamedUser(login=""dougwilson"")]",0,2017-10-10 02:12:15,2017-10-09 19:56:55,False,2017-10-10 02:12:15
11,253960821,closed,"[Label(name=""bug""), Label(name=""4.x"")]","[NamedUser(login=""dougwilson"")]",2,2017-09-22 01:17:08,2017-08-30 11:07:45,False,2017-09-22 01:17:08
12,227799989,closed,"[Label(name=""bug""), Label(name=""4.x""), Label(name=""pr"")]","[NamedUser(login=""dougwilson"")]",2,2017-05-15 03:58:48,2017-05-10 20:25:19,False,2017-05-15 03:58:48
13,227461838,closed,"[Label(name=""bug""), Label(name=""4.x""), Label(name=""good first contribution"")]",[],2,2017-05-15 03:58:48,2017-05-09 18:48:48,False,2017-05-15 03:58:48
14,215940482,closed,"[Label(name=""bug""), Label(name=""4.x""), Label(name=""deps""), Label(name=""module:finalhandler""), Label(name=""good first contribution"")]","[NamedUser(login=""dougwilson"")]",5,2017-03-22 06:12:46,2017-03-22 03:12:02,False,2017-03-22 06:34:47
15,165267547,closed,"[Label(name=""bug""), Label(name=""4.x"")]","[NamedUser(login=""dougwilson"")]",10,2017-03-01 22:14:09,2016-07-13 08:41:52,False,2017-03-01 22:14:09
16,157824044,closed,"[Label(name=""bug""), Label(name=""4.x""), Label(name=""pr"")]","[NamedUser(login=""dougwilson"")]",5,2016-06-16 15:06:34,2016-06-01 05:04:39,False,2016-06-16 15:06:34
17,104582632,open,"[Label(name=""bug""), Label(name=""4.x""), Label(name=""5.x"")]","[NamedUser(login=""dougwilson"")]",8,,2015-09-02 22:12:43,False,2016-03-03 09:08:43
18,97604785,closed,"[Label(name=""bug""), Label(name=""4.x""), Label(name=""pr""), Label(name=""deps"")]","[NamedUser(login=""dougwilson"")]",0,2015-07-31 20:48:06,2015-07-28 03:18:11,False,2015-07-31 20:48:06
19,89550130,closed,"[Label(name=""bug""), Label(name=""4.x""), Label(name=""pr""), Label(name=""deps"")]","[NamedUser(login=""dougwilson"")]",1,2015-06-21 04:30:24,2015-06-19 12:14:31,False,2015-07-28 03:11:48
20,84508443,closed,"[Label(name=""bug""), Label(name=""4.x"")]","[NamedUser(login=""dougwilson"")]",4,2015-06-03 13:07:15,2015-06-03 11:32:07,False,2015-07-07 05:49:37
21,83533723,closed,"[Label(name=""bug""), Label(name=""3.x""), Label(name=""4.x"")]","[NamedUser(login=""dougwilson"")]",17,2015-06-21 04:30:24,2015-06-01 14:38:21,False,2015-06-21 04:30:24
22,82594266,closed,"[Label(name=""bug""), Label(name=""4.x"")]","[NamedUser(login=""dougwilson"")]",1,2015-06-21 04:30:24,2015-05-29 21:27:46,False,2015-06-21 04:30:24
23,78223941,closed,"[Label(name=""bug""), Label(name=""4.x"")]","[NamedUser(login=""dougwilson"")]",3,2015-06-21 04:30:24,2015-05-19 19:37:47,False,2015-06-22 00:56:12
24,73809696,closed,"[Label(name=""bug""), Label(name=""4.x""), Label(name=""pr"")]","[NamedUser(login=""dougwilson"")]",9,2015-06-21 04:30:24,2015-05-07 02:29:07,False,2015-06-21 04:30:24
25,67533532,closed,"[Label(name=""bug""), Label(name=""4.x"")]","[NamedUser(login=""dougwilson"")]",2,2015-06-21 04:30:24,2015-04-10 07:35:10,False,2015-06-21 04:30:24
26,60626555,closed,"[Label(name=""bug""), Label(name=""3.x"")]","[NamedUser(login=""dougwilson"")]",11,2015-03-17 04:03:51,2015-03-11 08:44:24,False,2015-03-17 04:03:51
27,59357142,closed,"[Label(name=""bug""), Label(name=""4.x"")]","[NamedUser(login=""dougwilson"")]",15,2015-03-02 18:12:09,2015-02-28 20:34:18,False,2015-03-03 05:46:49
28,59351882,closed,"[Label(name=""bug""), Label(name=""3.x""), Label(name=""4.x"")]","[NamedUser(login=""dougwilson"")]",4,2015-03-02 00:50:12,2015-02-28 18:23:43,False,2015-03-02 00:50:12
29,59346513,closed,"[Label(name=""bug""), Label(name=""3.x""), Label(name=""4.x"")]","[NamedUser(login=""dougwilson"")]",15,2015-03-02 00:50:12,2015-02-28 16:03:01,False,2015-03-02 00:50:12
30,58609028,closed,"[Label(name=""bug""), Label(name=""4.x"")]","[NamedUser(login=""dougwilson"")]",10,2015-03-02 00:50:12,2015-02-23 16:21:48,False,2015-03-02 01:14:19
31,58469305,closed,"[Label(name=""bug""), Label(name=""tests"")]","[NamedUser(login=""dougwilson"")]",1,2015-02-23 06:04:25,2015-02-21 18:27:55,False,2015-02-23 06:04:25
32,57808064,closed,"[Label(name=""bug""), Label(name=""3.x""), Label(name=""4.x""), Label(name=""pr"")]","[NamedUser(login=""dougwilson"")]",14,2015-02-23 06:04:25,2015-02-16 14:07:21,False,2015-02-23 16:42:31
33,57791872,closed,"[Label(name=""bug""), Label(name=""3.x""), Label(name=""4.x"")]","[NamedUser(login=""dougwilson"")]",0,2015-02-23 06:04:25,2015-02-16 11:13:48,False,2015-02-23 06:04:25
34,56140499,closed,"[Label(name=""bug""), Label(name=""4.x""), Label(name=""pr"")]","[NamedUser(login=""dougwilson"")]",4,2015-01-31 22:29:50,2015-01-31 21:35:53,False,2015-02-01 20:39:44
35,54068424,closed,"[Label(name=""bug"")]","[NamedUser(login=""dougwilson"")]",32,2022-02-17 16:05:35,2015-01-12 15:46:13,False,2022-02-17 16:06:45
36,54061408,closed,"[Label(name=""bug""), Label(name=""4.x"")]","[NamedUser(login=""dougwilson"")]",8,2015-01-12 23:48:50,2015-01-12 14:48:31,False,2015-01-13 17:47:23
37,53924481,closed,"[Label(name=""bug""), Label(name=""4.x"")]","[NamedUser(login=""dougwilson"")]",3,2015-06-21 04:30:24,2015-01-09 22:42:24,False,2015-06-21 04:30:24
38,52965343,closed,"[Label(name=""bug""), Label(name=""4.x"")]","[NamedUser(login=""dougwilson"")]",4,2015-01-04 23:26:41,2014-12-27 20:37:15,False,2015-01-04 23:26:41
39,51770042,closed,"[Label(name=""bug""), Label(name=""3.x""), Label(name=""4.x""), Label(name=""pr"")]","[NamedUser(login=""dougwilson"")]",6,2014-12-13 03:07:15,2014-12-12 04:39:42,False,2014-12-13 05:48:33
40,51585534,closed,"[Label(name=""bug""), Label(name=""4.x"")]",[],0,2014-12-10 17:26:14,2014-12-10 17:21:02,False,2014-12-10 17:26:14
41,50798136,closed,"[Label(name=""bug""), Label(name=""3.x""), Label(name=""4.x"")]","[NamedUser(login=""dougwilson"")]",1,2015-01-14 03:28:59,2014-12-03 07:57:21,False,2015-01-14 03:28:59
42,50797738,closed,"[Label(name=""bug""), Label(name=""4.x"")]","[NamedUser(login=""dougwilson"")]",0,2015-01-05 00:07:51,2014-12-03 07:54:01,False,2015-01-05 00:07:51
43,49871327,closed,"[Label(name=""bug""), Label(name=""4.x""), Label(name=""pr"")]","[NamedUser(login=""dougwilson"")]",3,2014-11-25 04:29:13,2014-11-24 09:46:04,False,2014-11-25 04:29:13
44,48201517,closed,"[Label(name=""bug""), Label(name=""4.x"")]","[NamedUser(login=""dougwilson"")]",9,2014-11-23 21:53:37,2014-11-09 13:35:58,True,2014-11-24 08:52:54
45,47108282,closed,"[Label(name=""bug""), Label(name=""3.x""), Label(name=""4.x""), Label(name=""pr"")]",[],16,2014-10-29 04:33:32,2014-10-29 03:40:49,False,2014-10-29 05:20:23
46,46386545,closed,"[Label(name=""bug""), Label(name=""3.x""), Label(name=""4.x"")]",[],31,2014-10-24 05:16:00,2014-10-21 12:19:03,False,2014-12-25 16:34:50
47,46158950,closed,"[Label(name=""bug""), Label(name=""4.x""), Label(name=""pr"")]",[],1,2014-10-18 01:38:58,2014-10-18 01:23:26,False,2014-10-18 02:05:25
48,46158742,closed,"[Label(name=""bug""), Label(name=""4.x""), Label(name=""pr"")]",[],5,2014-10-18 01:16:54,2014-10-18 01:15:25,False,2014-10-18 01:27:51
49,45819303,closed,"[Label(name=""bug""), Label(name=""4.x"")]",[],13,2014-10-24 02:31:37,2014-10-15 01:10:17,True,2014-12-08 18:05:55
50,45503721,closed,"[Label(name=""bug""), Label(name=""4.x"")]",[],4,2014-10-10 20:32:10,2014-10-10 17:23:22,False,2014-10-15 23:17:24
51,43283040,closed,"[Label(name=""bug""), Label(name=""3.x""), Label(name=""4.x"")]",[],2,2014-09-20 02:57:24,2014-09-19 21:09:34,True,2014-09-20 06:08:46
52,43054430,closed,"[Label(name=""bug""), Label(name=""4.x"")]",[],5,2014-09-18 03:04:47,2014-09-17 19:46:57,False,2014-09-18 03:54:38
53,43042758,closed,"[Label(name=""bug""), Label(name=""4.x"")]",[],2,2014-09-18 03:04:47,2014-09-17 17:53:59,False,2014-09-18 03:54:51
54,42667982,closed,"[Label(name=""bug""), Label(name=""4.x"")]","[NamedUser(login=""dougwilson"")]",6,2014-09-12 21:47:38,2014-09-12 20:35:00,False,2014-09-17 17:05:22
55,42301713,closed,"[Label(name=""bug""), Label(name=""4.x"")]","[NamedUser(login=""dougwilson"")]",22,2014-09-11 21:04:51,2014-09-09 12:41:52,True,2014-10-07 04:31:23
56,40493368,closed,"[Label(name=""bug""), Label(name=""3.x""), Label(name=""4.x"")]","[NamedUser(login=""dougwilson"")]",4,2014-09-09 03:50:53,2014-08-18 14:23:08,True,2014-09-09 03:50:53
57,39668901,closed,"[Label(name=""bug""), Label(name=""4.x"")]",[],1,2014-08-19 01:49:05,2014-08-06 21:37:17,False,2014-08-19 01:49:05
58,39535754,open,"[Label(name=""bug""), Label(name=""5.x"")]","[NamedUser(login=""dougwilson"")]",32,,2014-08-05 16:16:46,False,2020-10-22 13:19:08
59,38823917,closed,"[Label(name=""bug""), Label(name=""3.x""), Label(name=""4.x"")]",[],17,2014-07-26 22:08:22,2014-07-26 18:55:50,False,2014-07-27 20:04:18
60,37732727,closed,"[Label(name=""bug""), Label(name=""4.x"")]",[],9,2014-07-13 02:08:07,2014-07-13 01:59:43,True,2014-07-13 02:41:51
61,37529712,closed,"[Label(name=""bug""), Label(name=""3.x""), Label(name=""4.x"")]",[],13,2014-07-12 03:32:36,2014-07-10 03:48:14,True,2014-07-12 03:32:36
62,37326516,closed,"[Label(name=""bug""), Label(name=""4.x"")]",[],3,2014-07-08 02:01:58,2014-07-08 01:49:03,True,2014-07-08 04:20:35
63,36142410,closed,"[Label(name=""bug""), Label(name=""4.x"")]",[],0,2014-06-20 20:55:10,2014-06-20 05:42:30,True,2014-06-20 20:55:10
64,35701291,closed,"[Label(name=""bug"")]",[],4,2014-06-14 16:58:02,2014-06-13 19:44:41,True,2014-07-29 04:18:20
65,35619376,closed,"[Label(name=""bug""), Label(name=""4.x"")]",[],2,2014-06-12 20:22:59,2014-06-12 20:17:19,True,2014-06-12 20:56:31
66,35529603,closed,"[Label(name=""bug""), Label(name=""4.x"")]",[],9,2014-06-11 22:15:29,2014-06-11 21:32:54,False,2014-07-29 04:18:19
67,35242557,closed,"[Label(name=""bug""), Label(name=""4.x"")]",[],3,2014-06-08 21:42:13,2014-06-08 18:01:10,False,2014-07-29 04:18:20
68,35130175,closed,"[Label(name=""bug""), Label(name=""4.x"")]",[],1,2014-06-06 15:54:48,2014-06-06 09:11:28,False,2014-06-06 15:54:48
69,34522947,closed,"[Label(name=""bug"")]",[],7,2014-05-29 02:26:32,2014-05-29 01:56:15,False,2014-07-29 04:18:19
70,34171020,closed,"[Label(name=""bug"")]",[],30,2014-05-23 22:36:02,2014-05-23 12:39:54,False,2014-07-29 04:18:20
71,33753161,closed,"[Label(name=""bug""), Label(name=""enhancement""), Label(name=""4.x"")]",[],12,2014-05-18 20:21:32,2014-05-18 14:57:48,False,2014-05-19 12:55:21
72,33578975,closed,"[Label(name=""bug""), Label(name=""4.x"")]",[],14,2014-06-14 06:18:22,2014-05-15 12:04:22,False,2014-06-14 06:18:22
73,33103965,closed,"[Label(name=""bug""), Label(name=""3.x""), Label(name=""4.x"")]",[],0,2014-05-08 18:46:48,2014-05-08 17:17:57,False,2014-05-08 18:46:48
74,33008960,closed,"[Label(name=""bug"")]",[],0,2014-05-08 18:46:48,2014-05-07 17:57:59,False,2014-05-08 18:46:48
75,30945351,closed,"[Label(name=""bug"")]",[],9,2014-04-11 12:40:42,2014-04-06 20:05:59,True,2015-04-06 17:06:39
76,30523760,closed,"[Label(name=""bug"")]",[],13,2014-05-09 20:53:55,2014-03-31 15:50:12,False,2014-05-11 12:16:04
77,22010730,closed,"[Label(name=""bug""), Label(name=""4.x"")]",[],6,2014-02-08 19:37:47,2013-11-02 22:33:00,False,2014-07-29 04:18:20
78,19582455,closed,"[Label(name=""bug"")]",[],13,2013-10-30 05:55:01,2013-09-16 22:03:25,False,2014-07-29 04:18:19
79,19088605,closed,"[Label(name=""bug"")]",[],1,2013-09-08 16:30:23,2013-09-06 05:05:37,False,2013-09-08 16:30:23
80,19083428,closed,"[Label(name=""bug""), Label(name=""needs tests"")]",[],4,2013-10-01 23:27:55,2013-09-06 00:58:50,False,2013-10-01 23:27:55
81,18086012,closed,"[Label(name=""bug"")]",[],6,2013-12-04 11:25:04,2013-08-15 00:57:15,False,2013-12-04 11:28:04
82,16551342,closed,"[Label(name=""bug""), Label(name=""needs tests"")]",[],2,2013-09-11 09:32:43,2013-07-09 22:34:10,False,2013-09-26 09:23:03
83,14774289,closed,"[Label(name=""bug"")]",[],2,2013-12-04 10:55:35,2013-05-26 19:34:25,False,2013-12-04 10:55:35
84,14675259,closed,"[Label(name=""bug"")]",[],23,2013-12-04 00:14:41,2013-05-23 13:59:00,False,2013-12-04 00:16:55
85,11873434,closed,"[Label(name=""bug"")]",[],7,2013-09-17 07:55:21,2013-03-11 11:46:32,False,2013-09-18 08:03:13
86,4920642,closed,"[Label(name=""bug"")]",[],4,2012-06-22 15:21:00,2012-06-06 00:14:52,False,2012-06-22 15:21:00
87,2696790,closed,"[Label(name=""bug"")]",[],4,2012-01-02 16:35:34,2012-01-01 08:39:22,False,2012-01-02 16:35:34
88,1304364,closed,"[Label(name=""bug""), Label(name=""3.x"")]",[],1,2011-08-02 16:00:53,2011-07-28 17:23:29,False,2011-08-02 16:00:53
89,1114786,closed,"[Label(name=""bug"")]",[],0,2011-11-24 20:37:58,2011-06-25 14:55:52,False,2011-11-24 20:37:58
90,1096381,closed,"[Label(name=""bug"")]",[],11,2011-06-22 20:54:18,2011-06-22 05:46:36,False,2011-06-22 20:54:18
91,816384,closed,"[Label(name=""bug"")]",[],12,2012-06-17 02:37:24,2011-04-26 20:09:16,False,2014-07-29 04:18:19
92,798136,closed,"[Label(name=""bug"")]",[],4,2011-04-25 16:25:37,2011-04-21 09:55:01,False,2014-07-29 04:18:19
93,789643,closed,"[Label(name=""bug"")]",[],0,2011-04-19 17:23:26,2011-04-19 17:15:09,False,2011-04-19 17:23:26
94,648603,closed,"[Label(name=""bug"")]",[],4,2011-03-23 17:40:10,2011-03-05 03:58:29,False,2011-03-23 17:40:10
95,329674,closed,"[Label(name=""bug"")]",[],4,2011-02-16 01:19:42,2010-09-23 11:00:32,False,2011-02-16 01:19:42
96,288990,closed,"[Label(name=""bug"")]",[],1,2010-08-27 18:48:26,2010-08-24 22:45:12,False,2010-08-27 18:48:26
97,282767,closed,"[Label(name=""bug"")]",[],1,2010-08-20 15:41:19,2010-08-18 22:53:30,False,2010-08-20 15:41:19
98,252749,closed,"[Label(name=""bug"")]",[],1,2010-07-19 16:07:49,2010-07-19 15:17:53,False,2010-07-19 16:07:49
99,203692,closed,"[Label(name=""bug"")]",[],3,2010-05-23 03:55:29,2010-05-22 16:13:58,False,2010-06-21 23:15:18
100,192741,closed,"[Label(name=""bug"")]",[],8,2010-05-14 13:51:34,2010-05-11 13:31:17,False,2010-05-16 18:23:14
101,187853,closed,"[Label(name=""bug"")]",[],3,2010-06-04 03:36:32,2010-05-06 05:17:29,False,2010-06-04 03:36:32
102,176368,closed,"[Label(name=""bug"")]",[],3,2010-04-21 18:46:07,2010-04-21 10:10:28,False,2010-04-21 18:46:07
103,170926,closed,"[Label(name=""bug"")]",[],2,2010-04-13 20:26:35,2010-04-13 20:01:00,False,2010-04-13 20:26:35
104,166313,closed,"[Label(name=""bug"")]",[],1,2010-04-21 20:31:48,2010-04-06 22:28:46,False,2010-04-21 20:31:48
105,157778,closed,"[Label(name=""bug"")]",[],19,2010-03-25 16:30:16,2010-03-24 17:15:09,False,2010-03-29 14:50:48
106,147210,closed,"[Label(name=""bug"")]",[],1,2010-04-21 20:32:02,2010-03-09 02:56:37,False,2010-04-21 20:32:02
107,130057,closed,"[Label(name=""bug"")]",[],8,2010-03-26 23:09:05,2010-02-10 20:32:13,False,2010-03-26 23:09:05
108,128974,closed,"[Label(name=""bug"")]",[],2,2010-02-10 15:15:29,2010-02-09 15:57:23,False,2010-02-10 15:15:29
109,125918,closed,"[Label(name=""bug"")]",[],3,2010-02-05 21:58:01,2010-02-04 21:50:24,False,2010-02-05 21:58:01
110,125913,closed,"[Label(name=""bug"")]",[],1,2010-02-04 21:54:25,2010-02-04 21:43:45,False,2010-02-04 21:54:25
111,125775,closed,"[Label(name=""bug"")]",[],3,2010-07-15 23:30:38,2010-02-04 17:48:09,False,2010-07-15 23:30:38
112,123855,closed,"[Label(name=""bug"")]",[],9,2010-02-03 19:35:49,2010-02-01 21:00:56,False,2010-02-03 19:35:49
113,122848,closed,"[Label(name=""bug"")]",[],3,2010-02-01 23:13:36,2010-01-31 05:26:55,False,2010-02-01 23:13:36
114,122111,closed,"[Label(name=""bug"")]",[],1,2010-02-03 21:26:20,2010-01-29 15:51:22,False,2010-02-03 21:26:20
115,111649,closed,"[Label(name=""bug"")]",[],1,2010-01-19 23:03:49,2010-01-12 22:13:27,False,2010-01-19 23:03:49
116,107488,closed,"[Label(name=""bug"")]",[],13,2010-02-04 21:50:54,2010-01-06 12:56:53,False,2010-02-04 21:50:54
117,105633,closed,"[Label(name=""bug"")]",[],1,2010-01-03 13:31:18,2010-01-03 13:13:29,False,2010-01-03 13:31:18
118,104484,closed,"[Label(name=""bug"")]",[],1,2009-12-30 23:07:04,2009-12-30 22:07:10,False,2009-12-30 23:07:04
119,104455,closed,"[Label(name=""bug"")]",[],14,2009-12-30 22:40:36,2009-12-30 21:01:36,False,2009-12-30 22:40:36
120,98279,closed,"[Label(name=""bug"")]",[],0,2009-12-16 00:37:24,2009-12-16 00:26:00,False,2009-12-16 00:37:24
121,98189,closed,"[Label(name=""bug"")]",[],0,2009-12-16 01:07:55,2009-12-15 21:10:36,False,2009-12-16 01:07:55
122,95587,closed,"[Label(name=""bug"")]",[],0,2009-12-11 17:52:52,2009-12-10 22:41:50,False,2009-12-11 17:52:52
123,35052,closed,"[Label(name=""bug"")]",[],0,2009-11-30 07:00:02,2009-07-09 20:59:04,False,2009-11-30 07:00:02
